{"cameraMode":{"drawMode":0,"name":"Shaded","section":"Shading Mode"},"sceneLighting":false,"audioPlay":false,"sceneViewState":{"m_AlwaysRefresh":false,"showFog":true,"showSkybox":false,"showFlares":true,"showImageEffects":true,"showParticleSystems":true,"showVisualEffectGraphs":true,"m_FxEnabled":true},"in2DMode":false,"pivot":{"x":0.6146459579467773,"y":-0.8897731304168701,"z":-1.8996801376342774},"rotation":{"x":-0.1593003273010254,"y":0.07900504022836685,"z":-0.012820877134799958,"w":-0.9839982390403748},"size":5.354918003082275,"orthographic":true}