{"cameraMode":{"drawMode":0,"name":"Shaded","section":"Shading Mode"},"sceneLighting":false,"audioPlay":false,"sceneViewState":{"m_AlwaysRefresh":false,"showFog":true,"showSkybox":false,"showFlares":true,"showImageEffects":true,"showParticleSystems":true,"showVisualEffectGraphs":true,"m_FxEnabled":true},"in2DMode":false,"pivot":{"x":-0.7766698002815247,"y":-0.3577122688293457,"z":-1.3414900302886963},"rotation":{"x":0.22279953956604005,"y":-0.3386414349079132,"z":0.08285626024007797,"w":0.9104128479957581},"size":5.378347873687744,"orthographic":true}