{"cameraMode":{"drawMode":0,"name":"Shaded","section":"Shading Mode"},"sceneLighting":false,"audioPlay":false,"sceneViewState":{"m_AlwaysRefresh":false,"showFog":true,"showSkybox":false,"showFlares":true,"showImageEffects":true,"showParticleSystems":true,"showVisualEffectGraphs":true,"m_FxEnabled":true},"in2DMode":false,"pivot":{"x":1.87294602394104,"y":-0.29637229442596438,"z":-3.023118019104004},"rotation":{"x":0.11073782294988632,"y":-0.02773674950003624,"z":0.0030061358120292427,"w":0.9935098886489868},"size":5.801591396331787,"orthographic":true}