{"cameraMode":{"drawMode":0,"name":"Shaded","section":"Shading Mode"},"sceneLighting":false,"audioPlay":false,"sceneViewState":{"m_AlwaysRefresh":false,"showFog":true,"showSkybox":false,"showFlares":true,"showImageEffects":true,"showParticleSystems":true,"showVisualEffectGraphs":true,"m_FxEnabled":true},"in2DMode":false,"pivot":{"x":0.9809331297874451,"y":2.0982108116149904,"z":-2.850809335708618},"rotation":{"x":0.037482213228940967,"y":0.02307886630296707,"z":-0.0009552277624607086,"w":0.9990838170051575},"size":3.931821823120117,"orthographic":true}