{"cameraMode":{"drawMode":0,"name":"Shaded","section":"Shading Mode"},"sceneLighting":false,"audioPlay":false,"sceneViewState":{"m_AlwaysRefresh":false,"showFog":true,"showSkybox":false,"showFlares":true,"showImageEffects":true,"showParticleSystems":true,"showVisualEffectGraphs":true,"m_FxEnabled":true},"in2DMode":false,"pivot":{"x":3.1394383907318117,"y":1.374363899230957,"z":1.3445918560028077},"rotation":{"x":0.34525179862976076,"y":-0.001973188715055585,"z":0.0007276072865352035,"w":0.9385291337966919},"size":16.2021484375,"orthographic":true}