{"cameraMode":{"drawMode":0,"name":"Shaded","section":"Shading Mode"},"sceneLighting":false,"audioPlay":false,"sceneViewState":{"m_AlwaysRefresh":false,"showFog":true,"showSkybox":false,"showFlares":true,"showImageEffects":true,"showParticleSystems":true,"showVisualEffectGraphs":true,"m_FxEnabled":true},"in2DMode":false,"pivot":{"x":0.16359031200408936,"y":1.3876569271087647,"z":-0.26542556285858157},"rotation":{"x":0.2974228262901306,"y":0.04919232800602913,"z":-0.015374520793557167,"w":0.9533807635307312},"size":5.291064262390137,"orthographic":true}