{"cameraMode":{"drawMode":0,"name":"Shaded","section":"Shading Mode"},"sceneLighting":false,"audioPlay":false,"sceneViewState":{"m_AlwaysRefresh":false,"showFog":true,"showSkybox":false,"showFlares":true,"showImageEffects":true,"showParticleSystems":true,"showVisualEffectGraphs":true,"m_FxEnabled":true},"in2DMode":false,"pivot":{"x":-0.3546137809753418,"y":0.20887625217437745,"z":0.37398087978363039},"rotation":{"x":-0.4216897189617157,"y":0.00028505746740847826,"z":-0.00018195935990661383,"w":-0.9067586064338684},"size":6.947067737579346,"orthographic":true}