{"cameraMode":{"drawMode":0,"name":"Shaded","section":"Shading Mode"},"sceneLighting":false,"audioPlay":false,"sceneViewState":{"m_AlwaysRefresh":false,"showFog":true,"showSkybox":false,"showFlares":true,"showImageEffects":true,"showParticleSystems":true,"showVisualEffectGraphs":true,"m_FxEnabled":true},"in2DMode":false,"pivot":{"x":-0.3546137809753418,"y":0.20887625217437745,"z":0.37398087978363039},"rotation":{"x":-0.19053076207637788,"y":0.07680535316467285,"z":-0.01499979104846716,"w":-0.9785739183425903},"size":6.361638069152832,"orthographic":true}