{"cameraMode":{"drawMode":0,"name":"Shaded","section":"Shading Mode"},"sceneLighting":false,"audioPlay":false,"sceneViewState":{"m_AlwaysRefresh":false,"showFog":true,"showSkybox":false,"showFlares":true,"showImageEffects":true,"showParticleSystems":true,"showVisualEffectGraphs":true,"m_FxEnabled":true},"in2DMode":false,"pivot":{"x":-0.5947631597518921,"y":1.335700273513794,"z":-1.5703226327896119},"rotation":{"x":0.2696240246295929,"y":-0.003474131692200899,"z":0.0009520369349047542,"w":0.962971031665802},"size":6.042723178863525,"orthographic":true}