{"cameraMode":{"drawMode":0,"name":"Shaded","section":"Shading Mode"},"sceneLighting":false,"audioPlay":false,"sceneViewState":{"m_AlwaysRefresh":false,"showFog":true,"showSkybox":false,"showFlares":true,"showImageEffects":true,"showParticleSystems":true,"showVisualEffectGraphs":true,"m_FxEnabled":true},"in2DMode":false,"pivot":{"x":0.44567346572875979,"y":2.426271915435791,"z":0.7169604301452637},"rotation":{"x":-0.14380836486816407,"y":-0.00386211764998734,"z":0.0005612685927189887,"w":-0.9895997643470764},"size":7.088723659515381,"orthographic":false}