{"cameraMode":{"drawMode":0,"name":"Shaded","section":"Shading Mode"},"sceneLighting":false,"audioPlay":false,"sceneViewState":{"m_AlwaysRefresh":false,"showFog":true,"showSkybox":false,"showFlares":true,"showImageEffects":true,"showParticleSystems":true,"showVisualEffectGraphs":true,"m_FxEnabled":true},"in2DMode":false,"pivot":{"x":1.300356388092041,"y":2.718015670776367,"z":-0.5375800132751465},"rotation":{"x":-0.17549078166484834,"y":-0.009172089397907257,"z":0.0016327745979651809,"w":-0.9844483137130737},"size":7.11073112487793,"orthographic":false}