{"cameraMode":{"drawMode":0,"name":"Shaded","section":"Shading Mode"},"sceneLighting":false,"audioPlay":false,"sceneViewState":{"m_AlwaysRefresh":false,"showFog":true,"showSkybox":false,"showFlares":true,"showImageEffects":true,"showParticleSystems":true,"showVisualEffectGraphs":true,"m_FxEnabled":true},"in2DMode":false,"pivot":{"x":0.036810554563999179,"y":0.0245671309530735,"z":-0.011652901768684388},"rotation":{"x":0.18885105848312379,"y":0.40053433179855349,"z":-0.08474322408437729,"w":0.8925964832305908},"size":0.14049768447875977,"orthographic":false}