{"cameraMode":{"drawMode":0,"name":"Shaded","section":"Shading Mode"},"sceneLighting":false,"audioPlay":false,"sceneViewState":{"m_AlwaysRefresh":false,"showFog":true,"showSkybox":false,"showFlares":true,"showImageEffects":true,"showParticleSystems":true,"showVisualEffectGraphs":true,"m_FxEnabled":true},"in2DMode":false,"pivot":{"x":-0.8717615604400635,"y":1.1975826025009156,"z":-2.3235960006713869},"rotation":{"x":0.2883193790912628,"y":-0.014939814805984497,"z":0.004501583054661751,"w":0.9574320912361145},"size":7.8382673263549809,"orthographic":true}