{"cameraMode":{"drawMode":0,"name":"Shaded","section":"Shading Mode"},"sceneLighting":false,"audioPlay":false,"sceneViewState":{"m_AlwaysRefresh":false,"showFog":true,"showSkybox":false,"showFlares":true,"showImageEffects":true,"showParticleSystems":true,"showVisualEffectGraphs":true,"m_FxEnabled":true},"in2DMode":false,"pivot":{"x":0.08420000225305557,"y":0.10999999940395355,"z":0.04690000042319298},"rotation":{"x":0.5805274844169617,"y":-0.015923229977488519,"z":0.0113101527094841,"w":0.8140279650688171},"size":7.946822166442871,"orthographic":true}