{"cameraMode":{"drawMode":0,"name":"Shaded","section":"Shading Mode"},"sceneLighting":false,"audioPlay":false,"sceneViewState":{"m_AlwaysRefresh":false,"showFog":true,"showSkybox":false,"showFlares":true,"showImageEffects":true,"showParticleSystems":true,"showVisualEffectGraphs":true,"m_FxEnabled":true},"in2DMode":false,"pivot":{"x":0.08420000225305557,"y":0.10999999940395355,"z":0.04690000042319298},"rotation":{"x":0.23653437197208405,"y":-0.14370259642601014,"z":0.03535879775881767,"w":0.960303783416748},"size":5.1171793937683109,"orthographic":true}