{"cameraMode":{"drawMode":0,"name":"Shaded","section":"Shading Mode"},"sceneLighting":false,"audioPlay":false,"sceneViewState":{"m_AlwaysRefresh":false,"showFog":true,"showSkybox":false,"showFlares":true,"showImageEffects":true,"showParticleSystems":true,"showVisualEffectGraphs":true,"m_FxEnabled":true},"in2DMode":false,"pivot":{"x":-0.7766698002815247,"y":-0.3577122688293457,"z":-1.3414900302886963},"rotation":{"x":0.08873281627893448,"y":-0.7105811834335327,"z":0.09107990562915802,"w":0.6920548677444458},"size":4.365131855010986,"orthographic":true}