{"cameraMode":{"drawMode":0,"name":"Shaded","section":"Shading Mode"},"sceneLighting":false,"audioPlay":false,"sceneViewState":{"m_AlwaysRefresh":false,"showFog":true,"showSkybox":false,"showFlares":true,"showImageEffects":true,"showParticleSystems":true,"showVisualEffectGraphs":true,"m_FxEnabled":true},"in2DMode":false,"pivot":{"x":0.8476024270057678,"y":3.516761064529419,"z":-5.340776443481445},"rotation":{"x":0.20105472207069398,"y":0.02525925822556019,"z":-0.005177368875592947,"w":0.9792485237121582},"size":4.436954021453857,"orthographic":true}