{"cameraMode":{"drawMode":0,"name":"Shaded","section":"Shading Mode"},"sceneLighting":false,"audioPlay":false,"sceneViewState":{"m_AlwaysRefresh":false,"showFog":true,"showSkybox":false,"showFlares":true,"showImageEffects":true,"showParticleSystems":true,"showVisualEffectGraphs":true,"m_FxEnabled":true},"in2DMode":false,"pivot":{"x":0.16359031200408936,"y":1.3876569271087647,"z":-0.26542556285858157},"rotation":{"x":0.5289954543113709,"y":-0.0008104904554784298,"z":0.00047600248944945633,"w":0.848655641078949},"size":6.890341758728027,"orthographic":true}