{"cameraMode":{"drawMode":0,"name":"Shaded","section":"Shading Mode"},"sceneLighting":false,"audioPlay":false,"sceneViewState":{"m_AlwaysRefresh":false,"showFog":true,"showSkybox":false,"showFlares":true,"showImageEffects":true,"showParticleSystems":true,"showVisualEffectGraphs":true,"m_FxEnabled":true},"in2DMode":false,"pivot":{"x":0.16359031200408936,"y":1.3876569271087647,"z":-0.26542556285858157},"rotation":{"x":0.28903549909591677,"y":-0.03392626345157623,"z":0.010223153047263623,"w":0.9566900730133057},"size":5.291064262390137,"orthographic":true}