{"cameraMode":{"drawMode":0,"name":"Shaded","section":"Shading Mode"},"sceneLighting":false,"audioPlay":false,"sceneViewState":{"m_AlwaysRefresh":false,"showFog":true,"showSkybox":false,"showFlares":true,"showImageEffects":true,"showParticleSystems":true,"showVisualEffectGraphs":true,"m_FxEnabled":true},"in2DMode":false,"pivot":{"x":0.08420000225305557,"y":0.10999999940395355,"z":0.04690000042319298},"rotation":{"x":0.247327983379364,"y":-0.06538110226392746,"z":0.01670408621430397,"w":0.9665948748588562},"size":5.1171793937683109,"orthographic":true}