{"cameraMode":{"drawMode":0,"name":"Shaded","section":"Shading Mode"},"sceneLighting":false,"audioPlay":false,"sceneViewState":{"m_AlwaysRefresh":false,"showFog":true,"showSkybox":false,"showFlares":true,"showImageEffects":true,"showParticleSystems":true,"showVisualEffectGraphs":true,"m_FxEnabled":true},"in2DMode":false,"pivot":{"x":-3.119999885559082,"y":1.1100001335144044,"z":-1.6400001049041749},"rotation":{"x":0.21560248732566834,"y":-0.12034866213798523,"z":0.02677091397345066,"w":0.9686847925186157},"size":5.678744792938232,"orthographic":true}