{"cameraMode":{"drawMode":0,"name":"Shaded","section":"Shading Mode"},"sceneLighting":false,"audioPlay":false,"sceneViewState":{"m_AlwaysRefresh":false,"showFog":true,"showSkybox":false,"showFlares":true,"showImageEffects":true,"showParticleSystems":true,"showVisualEffectGraphs":true,"m_FxEnabled":true},"in2DMode":false,"pivot":{"x":0.07593725621700287,"y":1.4097685813903809,"z":-1.4130303859710694},"rotation":{"x":0.08539260178804398,"y":0.011354782618582249,"z":-0.0009842237923294306,"w":0.996301531791687},"size":8.075746536254883,"orthographic":true}