{"cameraMode":{"drawMode":0,"name":"Shaded","section":"Shading Mode"},"sceneLighting":false,"audioPlay":false,"sceneViewState":{"m_AlwaysRefresh":false,"showFog":true,"showSkybox":false,"showFlares":true,"showImageEffects":true,"showParticleSystems":true,"showVisualEffectGraphs":true,"m_FxEnabled":true},"in2DMode":false,"pivot":{"x":-4.304763317108154,"y":-0.25887012481689455,"z":1.221966028213501},"rotation":{"x":0.0010171803878620267,"y":0.8795512318611145,"z":-0.47582975029945376,"w":0.001847604289650917},"size":8.418420791625977,"orthographic":true}