{"cameraMode":{"drawMode":0,"name":"Shaded","section":"Shading Mode"},"sceneLighting":false,"audioPlay":false,"sceneViewState":{"m_AlwaysRefresh":false,"showFog":true,"showSkybox":false,"showFlares":true,"showImageEffects":true,"showParticleSystems":true,"showVisualEffectGraphs":true,"m_FxEnabled":true},"in2DMode":false,"pivot":{"x":-0.7208247184753418,"y":0.23969745635986329,"z":-1.909804105758667},"rotation":{"x":-0.26247626543045046,"y":-0.059559088200330737,"z":0.016209391877055169,"w":-0.9629844427108765},"size":7.797377109527588,"orthographic":true}