{"cameraMode":{"drawMode":0,"name":"Shaded","section":"Shading Mode"},"sceneLighting":false,"audioPlay":false,"sceneViewState":{"m_AlwaysRefresh":false,"showFog":true,"showSkybox":false,"showFlares":true,"showImageEffects":true,"showParticleSystems":true,"showVisualEffectGraphs":true,"m_FxEnabled":true},"in2DMode":false,"pivot":{"x":0.07458734512329102,"y":1.0514154434204102,"z":-0.023252010345458986},"rotation":{"x":0.3618486523628235,"y":-0.6146790981292725,"z":0.3760143220424652,"w":0.5915094614028931},"size":7.7405524253845219,"orthographic":true}