{"cameraMode":{"drawMode":0,"name":"Shaded","section":"Shading Mode"},"sceneLighting":false,"audioPlay":false,"sceneViewState":{"m_AlwaysRefresh":false,"showFog":true,"showSkybox":false,"showFlares":true,"showImageEffects":true,"showParticleSystems":true,"showVisualEffectGraphs":true,"m_FxEnabled":true},"in2DMode":false,"pivot":{"x":-0.7208247184753418,"y":0.23969745635986329,"z":-1.909804105758667},"rotation":{"x":-0.22007647156715394,"y":0.2057139277458191,"z":-0.047558825463056567,"w":-0.9523751735687256},"size":5.246889591217041,"orthographic":true}