{"cameraMode":{"drawMode":0,"name":"Shaded","section":"Shading Mode"},"sceneLighting":false,"audioPlay":false,"sceneViewState":{"m_AlwaysRefresh":false,"showFog":true,"showSkybox":false,"showFlares":true,"showImageEffects":true,"showParticleSystems":true,"showVisualEffectGraphs":true,"m_FxEnabled":true},"in2DMode":false,"pivot":{"x":0.903897762298584,"y":1.256294846534729,"z":0.7638626098632813},"rotation":{"x":-0.19655506312847138,"y":0.04031932353973389,"z":-0.008056596852838993,"w":-0.9796846508979797},"size":8.041807174682618,"orthographic":true}