{"cameraMode":{"drawMode":0,"name":"Shaded","section":"Shading Mode"},"sceneLighting":false,"audioPlay":false,"sceneViewState":{"m_AlwaysRefresh":false,"showFog":true,"showSkybox":false,"showFlares":true,"showImageEffects":true,"showParticleSystems":true,"showVisualEffectGraphs":true,"m_FxEnabled":true},"in2DMode":false,"pivot":{"x":-0.036656808108091357,"y":0.6072468757629395,"z":-0.3168250322341919},"rotation":{"x":-0.00015968560182955116,"y":-0.9986060857772827,"z":0.053678177297115329,"w":-0.004220658913254738},"size":3.663710832595825,"orthographic":true}