{"cameraMode":{"drawMode":0,"name":"Shaded","section":"Shading Mode"},"sceneLighting":false,"audioPlay":false,"sceneViewState":{"m_AlwaysRefresh":false,"showFog":true,"showSkybox":false,"showFlares":true,"showImageEffects":true,"showParticleSystems":true,"showVisualEffectGraphs":true,"m_FxEnabled":true},"in2DMode":false,"pivot":{"x":-3.119999885559082,"y":1.1100001335144044,"z":-1.6400001049041749},"rotation":{"x":0.15089549124240876,"y":-0.26971593499183657,"z":0.042817965149879459,"w":0.9500972628593445},"size":5.678744792938232,"orthographic":true}