{"cameraMode":{"drawMode":0,"name":"Shaded","section":"Shading Mode"},"sceneLighting":false,"audioPlay":false,"sceneViewState":{"m_AlwaysRefresh":false,"showFog":true,"showSkybox":false,"showFlares":true,"showImageEffects":true,"showParticleSystems":true,"showVisualEffectGraphs":true,"m_FxEnabled":true},"in2DMode":false,"pivot":{"x":1.3715401887893677,"y":-2.6678686141967775,"z":-2.5105719566345217},"rotation":{"x":-0.25863009691238406,"y":-0.004349030088633299,"z":0.0011322954669594765,"w":-0.9659876227378845},"size":7.857585430145264,"orthographic":true}