{"cameraMode":{"drawMode":0,"name":"Shaded","section":"Shading Mode"},"sceneLighting":true,"audioPlay":false,"sceneViewState":{"m_AlwaysRefresh":false,"showFog":true,"showSkybox":true,"showFlares":true,"showImageEffects":true,"showParticleSystems":true,"showVisualEffectGraphs":true,"m_FxEnabled":true},"in2DMode":false,"pivot":{"x":332.12103271484377,"y":174.7801513671875,"z":13.252060890197754},"rotation":{"x":-0.0928434431552887,"y":-0.022106967866420747,"z":0.002060843864455819,"w":-0.9954351782798767},"size":273.9360046386719,"orthographic":false}