{"cameraMode":{"drawMode":0,"name":"Shaded","section":"Shading Mode"},"sceneLighting":false,"audioPlay":false,"sceneViewState":{"m_AlwaysRefresh":false,"showFog":true,"showSkybox":false,"showFlares":true,"showImageEffects":true,"showParticleSystems":true,"showVisualEffectGraphs":true,"m_FxEnabled":true},"in2DMode":false,"pivot":{"x":0.6146459579467773,"y":-0.8897731304168701,"z":-1.8996801376342774},"rotation":{"x":-0.42542096972465517,"y":0.016839202493429185,"z":-0.007951478473842144,"w":-0.9048234820365906},"size":6.931218147277832,"orthographic":true}