{"cameraMode":{"drawMode":0,"name":"Shaded","section":"Shading Mode"},"sceneLighting":false,"audioPlay":false,"sceneViewState":{"m_AlwaysRefresh":false,"showFog":true,"showSkybox":false,"showFlares":true,"showImageEffects":true,"showParticleSystems":true,"showVisualEffectGraphs":true,"m_FxEnabled":true},"in2DMode":false,"pivot":{"x":2.549999952316284,"y":1.1100001335144044,"z":-0.03000009059906006},"rotation":{"x":0.17498786747455598,"y":0.39165398478507998,"z":-0.07612161338329315,"w":0.9001333713531494},"size":0.717605471611023,"orthographic":true}